{
    "loss": 0.4273664951324463,
    "accuracy": 0.9396551847457886
}